id,first_name,last_name,email,gender,ip_address
1,Michel,Trevon,mtrevon0@purevolume.com,Male,200.208.90.55
2,Silvie,Biever,sbiever1@instagram.com,Female,230.249.91.194
3,Law,Dunlap,ldunlap2@buzzfeed.com,Male,139.114.29.194
4,Rosella,Ninnotti,rninnotti3@altervista.org,Female,47.161.16.68
5,Lorri,Torald,ltorald4@cnet.com,Female,66.71.71.210
6,Berrie,Wedderburn,bwedderburn5@wix.com,Female,23.25.136.30
7,Karlens,Kellogg,kkellogg6@behance.net,Male,3.133.102.14
8,Paulie,Prime,pprime7@tumblr.com,Male,234.135.12.151
9,Garth,MacGahey,gmacgahey8@pcworld.com,Male,114.177.64.204
10,Flora,Simnel,fsimnel9@cdbaby.com,Female,77.130.206.133
